GPCRdb(A);5-HT2A receptor Human
TM1;
1x27;L69
1x28;H70
1x29;L71
1x30;Q72
1x31;E73
1x32;K74
1x33;N75
1x34;W76
1x35;S77
1x36;A78
1x37;L79
1x38;L80
1x39;T81
1x40;A82
1x41;V83
1x42;V84
1x43;I85
1x44;I86
1x45;L87
1x46;T88
1x47;I89
1x48;A90
1x49;G91
1x50;N92
1x51;I93
1x52;L94
1x53;V95
1x54;I96
1x55;M97
1x56;A98
1x57;V99
1x58;S100
1x59;L101
1x60;E102
ICL1;
12x48;K103
12x49;K104
12x50;L105
12x51;Q106
TM2;
2x37;N107
2x38;A108
2x39;T109
2x40;N110
2x41;Y111
2x42;F112
2x43;L113
2x44;M114
2x45;S115
2x46;L116
2x47;A117
2x48;I118
2x49;A119
2x50;D120
2x51;M121
2x52;L122
2x53;L123
2x54;G124
2x55;F125
2x551;L126
2x56;V127
2x57;M128
2x58;P129
2x59;V130
2x60;S131
2x61;M132
2x62;L133
2x63;T134
2x64;I135
2x65;L136
2x66;Y137
2x67;G138
ECL1;
23x49;R140
23x50;W141
23x51;P142
23x52;L143
TM3;
3x21;P144
3x22;S145
3x23;K146
3x24;L147
3x25;C148
3x26;A149
3x27;V150
3x28;W151
3x29;I152
3x30;Y153
3x31;L154
3x32;D155
3x33;V156
3x34;L157
3x35;F158
3x36;S159
3x37;T160
3x38;A161
3x39;S162
3x40;I163
3x41;M164
3x42;H165
3x43;L166
3x44;C167
3x45;A168
3x46;I169
3x47;S170
3x48;L171
3x49;D172
3x50;R173
3x51;Y174
3x52;V175
3x53;A176
3x54;I177
3x55;Q178
3x56;N179
ICL2;
34x50;P180
34x51;I181
34x52;H182
34x53;H183
34x54;S184
34x55;R185
34x56;F186
34x57;N187
TM4;
4x38;S188
4x39;R189
4x40;T190
4x41;K191
4x42;A192
4x43;F193
4x44;L194
4x45;K195
4x46;I196
4x47;I197
4x48;A198
4x49;V199
4x50;W200
4x51;T201
4x52;I202
4x53;S203
4x54;V204
4x55;G205
4x56;I206
4x57;S207
4x59;M208
4x60;P209
4x61;I210
4x62;P211
4x63;V212
4x64;F213
4x65;G214
4x66;L215
4x67;Q216
4x68;D217
ECL2;
45x50;C227
45x51;L228
45x52;L229
TM5;
5x36;D231
5x37;D232
5x38;N233
5x39;F234
5x40;V235
5x41;L236
5x42;I237
5x43;G238
5x44;S239
5x45;F240
5x46;V241
5x461;S242
5x47;F243
5x48;F244
5x49;I245
5x50;P246
5x51;L247
5x52;T248
5x53;I249
5x54;M250
5x55;V251
5x56;I252
5x57;T253
5x58;Y254
5x59;F255
5x60;L256
5x61;T257
5x62;I258
5x63;K259
5x64;S260
5x65;L261
5x66;Q262
5x67;K263
5x68;E264
5x69;A265
5x70;T266
5x71;L267
5x72;C268
5x73;V269
5x74;S270
5x75;D271
5x76;L272
TM6;
6x24;M312
6x25;Q313
6x26;S314
6x27;I315
6x28;S316
6x29;N317
6x30;E318
6x31;Q319
6x32;K320
6x33;A321
6x34;C322
6x35;K323
6x36;V324
6x37;L325
6x38;G326
6x39;I327
6x40;V328
6x41;F329
6x42;F330
6x43;L331
6x44;F332
6x45;V333
6x46;V334
6x47;M335
6x48;W336
6x49;C337
6x50;P338
6x51;F339
6x52;F340
6x53;I341
6x54;T342
6x55;N343
6x56;I344
6x57;M345
6x58;A346
6x59;V347
6x60;I348
6x61;C349
TM7;
7x26;N354
7x27;E355
7x28;D356
7x29;V357
7x30;I358
7x31;G359
7x32;A360
7x33;L361
7x34;L362
7x35;N363
7x36;V364
7x37;F365
7x38;V366
7x39;W367
7x40;I368
7x41;G369
7x42;Y370
7x43;L371
7x45;S372
7x46;S373
7x47;A374
7x48;V375
7x49;N376
7x50;P377
7x51;L378
7x52;V379
7x53;Y380
7x54;T381
7x55;L382
7x56;F383
H8;
8x47;N384
8x48;K385
8x49;T386
8x50;Y387
8x51;R388
8x52;S389
8x53;A390
8x54;F391
8x55;S392
8x56;R393
8x57;Y394
8x58;I395
8x59;Q396
8x60;C397
